ID_FA,ID_MetaEdu,Inclusiveness,Met_structure,Metaphor,Literal,Translation (Eng),Met_Topic,Met_Vehicle,Lit_Topic,Length_Met_Topic,Length_Vehicle,Length_Lit_Topic,MEA(M)MetaEdu_Met,MEA(Mdn)MetaEdu_Met,MEA(SD)MetaEdu_Met,DIFF(M)MetaEdu_Met,DIFF(Mdn)MetaEdu_Met,DIFF(SD)MetaEdu_Met,FAM(M)MetaEdu_Met,FAM(Mdn)MetaEdu_Met,FAM(SD)MetaEdu_Met,MEA(M)MetaEdu_Lit,MEA(Mdn)MetaEdu_Lit,MEA(SD)MetaEdu_Lit,DIFF(M)MetaEdu_Lit,DIFF(Mdn)MetaEdu_Lit,DIFF(SD)MetaEdu_Lit,FAM(M)MetaEdu_Lit,FAM(Mdn)MetaEdu_Lit,FAM(SD)MetaEdu_Lit,Cloze13_Met(%),Cloze13_Lit(%),Bambini et al. (2013),Bambini et al. (2016),Canal et al. (2022),Bambini et al. (2024),Lago et al. (2024),IUSS NEPLab MoveMe study,IUSS NEPLab MetaBody study,IUSS NEPLab MetaImagery study,IUSS NEPLab MetaStep study
FA001,met_1,4,Nominal predicative,Dopo una cena a base di aglio gli aliti sono fogne insopportabili.,Illustrando la mappa l'architetto segnala che gli scarichi sono fogne per i rifiuti tossici.,"After a garlic-based dinner, breaths are unbearable sewers.",alito,fogna,scarico,5,5,7,3,3,1,"2,375",2,"1,407885953","3,1",3,"1,370320319","3,833333333",4,"0,7527726527","2,333333333",2,"0,5163977795","4,7",5,"0,6749485577",0,0,Y,Y,N,N,Y,N,Y,N,Y
FA002,met_2,"5,8",Nominal predicative,Nei processi importanti certi avvocati sono squali senza scrupoli.,Durante la visita la guida spiega che i pesci nell'acquario sono squali ferocissimi.,"In important trials, certain lawyers are unscrupulous sharks.",avvocato,squalo,pesce,8,6,5,4,"4,5","1,549193338","1,666666667",2,"0,5163977795","3,857142857",4,"1,463850109","4,333333333",4,"0,7071067812","1,125",1,"0,3535533906",4,4,"1,054092553",0,0,Y,N,Y,N,N,N,N,Y,N
FA003,met_3,"6,6",Nominal predicative,Secondo l'opinione del generale quegli eserciti sono dighe insormontabili.,Gli ingegneri informano che le costruzioni pianificate sono dighe anti alluvioni.,"According to the general’s opinion, those armies are insurmountable dams.",esercito,diga,costruzione,8,4,11,"2,777777778",2,"1,092906421","2,125",2,"0,991031209",1,1,0,"4,166666667",5,"1,602081979","1,333333333",1,"0,5163977795",4,4,"0,9428090416",0,0,Y,Y,N,N,Y,N,N,N,Y
FA004,met_4,"6,8",Nominal predicative,Quando il tempo stringe gli oratori sono treni ad altà velocità.,I convogli presenti nel vecchio deposito sono treni in uso cento anni fa.,"When time is running out, orators are high-speed trains.",oratorio,treno,convoglio,8,5,9,"2,857142857",3,"1,214985793","1,714285714",2,"0,755928946",2,2,"1,095445115","3,833333333",4,"0,9831920803","1,833333333","1,5","1,169045194","3,444444444",4,"1,509230856",0,0,Y,N,N,N,N,N,N,N,N
FA005,met_5,"8,2",Nominal predicative,Nell'arrampicata ad alta quota gli scalatori sono scoiattoli molto agili.,Il documentario spiega che i roditori della montagna sono scoiattoli dalla lunga coda.,"In high-altitude climbing, climbers are very agile squirrels.",scalatore,scoiattolo,roditore,9,10,8,"3,666666667",4,"1,032795559",2,2,"0,894427191","2,2",2,"1,229272594","4,166666667","4,5","1,169045194","1,333333333",1,"0,5163977795","3,714285714",3,"0,9511897312",0,0,Y,N,Y,N,N,N,N,Y,Y
FA006,met_6,4,Nominal predicative,A volte nell'educazione degli adolescenti gli schiaffi sono medicine efficaci.,Nella cura delle emicranie le sostanze in fase di sperimentazione sono medicine potentissime.,"Sometimes, in the education of teenagers, slaps are effective medicines.",schiaffo,medicina,sostanza,9,8,8,"3,5",4,"0,8366600265",2,2,"0,632455532","2,333333333",2,"1,224744871","4,166666667",4,"0,7527726527","1,666666667",2,"0,5163977795","4,666666667",5,"0,5163977795",0,0,Y,N,N,N,N,N,N,N,N
FA007,met_7,"7,8",Nominal predicative,Specialmente per le coste italiane gli uragani sono carrarmati devastanti.,Alla parata militare i blindati più impressionanti sono carrarmati usati in guerra.,"Especially for the Italian coasts, hurricanes are devastating tanks.",uragano,carrarmato,blindato,7,10,8,"2,333333333","2,5","1,211060142","2,333333333","2,5","1,211060142","2,111111111",2,"1,054092553","3,5",4,"1,378404875","1,833333333","1,5","0,9831920803","3,166666667",3,"1,169045194",0,0,Y,Y,N,N,Y,N,Y,N,N
FA008,met_8,"6,4",Nominal predicative,Davanti ad una punizione certi bambini sono fontane inarrestabili.,All'inaugurazione del giardino viene spiegato che i nuovi impianti sono fontane notturne.,"In the face of punishment, certain children are unstoppable fountains.",bambino,fontana,impianto,7,7,8,"2,888888889",3,"0,6009252126","2,375",3,"0,9161253813","1,6",1,"0,8432740427","2,666666667",3,"1,366260102","2,333333333",2,"1,505545305","2,3",2,"1,251665557",0,0,Y,N,N,N,N,N,N,Y,N
FA009,met_9,6,Nominal predicative,Nel mondo della speculazione finanziaria i banchieri sono vampiri sempre assetati.,A carnevale i mostri più diffusi sono vampiri dai denti affilati.,"In the world of financial speculation, bankers are ever-thirsty vampires.",banchiere,vampiro,mostro,9,7,6,"3,833333333",4,"1,169045194","1,5","1,5","0,5477225575","4,166666667","4,5","1,169045194","4,428571429",4,"0,5345224838","1,142857143",1,"0,377964473","3,166666667",3,"1,722401424",0,0,Y,N,Y,N,N,N,N,Y,Y
FA010,met_10,"8,4",Nominal predicative,Nell'utilizzo di rasoi taglienti i barbieri sono chirurghi altamente specializzati.,I dirigenti sanitari spiegano che quei medici sono chirurghi afferenti all'ospedale.,"In the use of sharp razors, barbers are highly specialized surgeons.",barbiere,chirurgo,medico,8,8,6,"2,666666667",3,"1,505545305",2,2,"0,632455532","2,833333333",3,"1,169045194",5,5,0,1,1,0,"3,333333333",4,"1,861898673",0,0,Y,N,N,N,N,N,N,N,N
FA011,met_11,"4,6",Nominal predicative,Negli ambienti di lavoro spesso i colleghi sono zecche fastidiose.,I parassiti che infestano le piante d'appartamento sono zecche o pidocchi.,"In work environments, colleagues are often annoying ticks.",collega,zecca,parassita,7,5,9,"3,666666667",4,"1,032795559","1,5","1,5","0,5477225575","2,888888889",3,"1,054092553","4,5","4,5","0,5477225575","1,166666667",1,"0,4082482905","2,5",2,"1,378404875",0,0,Y,Y,N,N,Y,N,N,Y,Y
FA012,met_12,8,Nominal predicative,All'occhio di un investigatore alle prime armi certi delitti sono rebus insolubili.,Nei quiz gli indovinelli misteriosi sono rebus molto difficili.,"To the eye of a novice investigator, certain crimes are unsolvable riddles.",delitto,rebus,indovinello,7,5,11,"4,166666667","4,5","0,9831920803","1,5","1,5","0,5477225575",3,3,"1,414213562","3,5",4,"1,224744871","1,666666667",2,"0,5163977795","3,333333333","3,5","1,632993162",0,0,Y,N,N,N,N,N,N,N,N
FA013,met_13,8,Nominal predicative,Alle finali olimpioniche di atletica i ginnasti sono grilli agilissimi.,I genitori spiegano al bambino che gli insetti del fiume sono grilli agilissimi.,"At the Olympic gymnastics finals, gymnasts are extremely agile crickets.",ginnasta,grillo,insetto,8,6,7,"3,5",4,"0,8366600265","1,666666667","1,5","0,8164965809","2,333333333",2,"0,8164965809","4,142857143",4,"1,069044968","1,285714286",1,"0,4879500365","2,666666667","2,5","1,632993162",0,0,Y,N,N,N,N,N,N,N,N
FA014,met_14,4,Nominal predicative,In certi sport americani i giocatori sono elefanti dalla mole imponente.,Negli zoo asiatici i mammiferi in gabbia sono elefanti provenienti dall'India.,"In certain American sports, players are elephants of imposing size.",giocatore,elefante,mammifero,9,8,9,"2,5","2,5","1,378404875","2,166666667",2,"0,7527726527","1,428571429",1,"0,5345224838","4,444444444",4,"0,5270462767","1,875","1,5","1,356202682","3,1",3,"0,8755950358",0,0,Y,N,N,N,N,N,N,N,N
FA015,met_15,"5,2",Nominal predicative,Durante gli scandali nazionali i giornalisti sono avvoltoi senza morale.,I predatori che compaiono nei libri di scienze sono avvoltoi della savana.,"During national scandals, journalists are vultures without morals.",giornalista,avvoltoio,predatore,11,9,9,"4,555555556",5,"0,5270462767","1,125",1,"0,3535533906","4,2",4,"0,7888106377","4,5","4,5","0,5477225575","1,666666667",2,"0,5163977795","4,2",4,"0,7888106377",0,0,Y,N,Y,N,N,N,N,Y,N
FA016,met_16,"8,4",Nominal predicative,Nella formazione culturale di ogni persona certi libri sono bussole di grande utilità.,Nel kit per il campeggio i dispositivi più costosi sono bussole ad alta precisione.,"In the cultural formation of every person, certain books are highly useful compasses.",libro,bussola,dispositivo,5,7,11,"3,714285714",4,"0,4879500365","3,142857143",3,"1,069044968",2,2,"0,894427191","4,166666667",5,"1,602081979",2,1,"1,673320053","3,555555556",4,"0,8819171037",0,0,Y,N,N,N,N,N,N,N,N
FA017,met_17,"6,8",Nominal predicative,Nell'educazione dei giovani certi maestri sono lanterne che illuminano la via.,Nei velieri vichinghi le lampade più antiche sono lanterne a olio.,"In the education of young people, certain teachers are lanterns that light the way.",maestro,lanterna,lampada,7,8,7,"2,888888889",3,"0,9279607271","2,125",2,"0,6408699445",1,1,0,"3,666666667","3,5","1,211060142","1,5",1,"0,8366600265","3,3","3,5","1,33749351",0,0,Y,N,N,N,N,N,N,N,N
FA018,met_18,"7,2",Nominal predicative,Nelle campagne elettorali certi politici sono calamite per i voti.,Gli oggetti usati per abbellire il frigorifero sono calamite con decori artigianali.,"In election campaigns, certain politicians are magnets for votes.",politico,calamita,oggetto,8,8,7,"2,666666667","2,5","1,632993162","2,166666667",2,"0,7527726527","2,571428571",3,"0,9759000729","4,555555556",5,"0,7264831573","1,375",1,"0,5175491695","3,9",4,"1,197219",0,0,Y,N,N,N,N,N,N,N,N
FA019,met_19,7,Nominal predicative,Nei condomini del centro i portinai sono archivi pronti a spettegolare.,Gli schedari presenti negli uffici comunali sono archivi pubblici e consultabili da tutti.,"In downtown apartment buildings, concierges are archives ready to gossip.",portinaio,archivio,schedario,9,8,9,"2,333333333",2,"1,505545305","2,333333333",2,"0,5163977795","1,333333333",1,"0,8164965809","4,428571429",5,"0,7867957925","1,142857143",1,"0,377964473",3,3,"1,897366596",0,0,Y,N,N,N,N,N,N,N,N
FA020,met_20,"8,4",Nominal predicative,Specialmente per le materie umanistiche certi professori sono enciclopedie zeppe di conoscenze.,Nella biblioteca i volumi più antichi sono enciclopedie di inizio novecento.,"Especially in the humanities, certain professors are encyclopedias full of knowledge.",professore,enciclopedia,volume,10,12,6,4,4,1,"1,285714286",1,"0,4879500365","3,833333333","3,5","0,9831920803","3,833333333",4,"0,7527726527","1,833333333",2,"0,7527726527","4,111111111",4,"1,054092553",0,0,Y,N,N,N,N,N,N,Y,N
FA021,met_21,"7,4",Nominal predicative,Dopo un grave lutto certi ricordi sono spine dolorose.,Nelle piante carnivore le punte delle foglie sono spine acuminate e taglienti.,"After a deep loss, certain memories are painful thorns.",ricordo,spina,punta,7,5,5,"3,777777778",4,"0,8333333333","1,625",2,"0,5175491695","4,1",4,"0,8755950358","3,666666667",4,"1,032795559","2,166666667",2,"0,7527726527","3,5","3,5","1,08012345",0,0,Y,N,N,N,N,N,N,N,N
FA022,met_22,"6,4",Nominal predicative,Nel combattimento corpo a corpo certi soldati sono leoni senza paura.,Nelle zone equatoriali i felini a rischio di estinzione sono leoni e ghepardi selvatici.,"In hand-to-hand combat, certain soldiers are fearless lions.",soldato,leone,felino,7,5,6,"3,833333333",4,"1,471960144","1,666666667",1,"1,211060142","2,8",3,"0,9189365835","4,833333333",5,"0,4082482905","1,5","1,5","0,5477225575",4,4,1,0,0,Y,Y,N,N,N,N,N,N,N
FA024,met_23,"8,2",Nominal predicative,Dopo un anno di duro lavoro i viaggi sono terapie di sicura efficacia.,Nei centri termali i trattamenti a base di fanghi sono terapie molto efficaci.,"After a year of hard work, trips are guaranteed therapies.",viaggio,terapia,trattamento,7,7,11,"3,166666667","3,5","1,169045194","1,833333333",2,"0,7527726527","3,166666667",3,"0,7527726527","4,428571429",5,"0,7867957925","1,571428571",2,"0,5345224838","3,833333333","4,5","1,602081979",0,0,Y,N,N,N,N,N,N,N,N
FA025,met_24,"5,8",Nominal predicative,Secondo la giornalista di moda quelle acconciature sono cespugli incolti.,Al castello abbandonato le siepi di recinzione sono cespugli incolti.,"According to the fashion journalist, those hairstyles are unkempt bushes.",acconciatura,cespuglio,siepe,12,9,5,"3,5",3,"0,8366600265","2,333333333",2,"1,032795559","4,166666667","4,5","0,9831920803","3,571428571",4,"1,397276262","1,857142857",2,"0,8997354108",3,3,"1,897366596",0,0,Y,Y,N,Y,Y,N,N,Y,Y
FA026,met_25,"8,2",Nominal predicative,Durante la gara di formula uno le automobili sono frecce velocissime.,Per gli indiani d'america le armi più efficaci erano frecce dalla punta affilata.,"During a Formula One race, the cars are extremely fast arrows.",automobile,freccia,arma,10,7,4,"4,166666667",4,"0,7527726527","1,833333333",2,"0,7527726527","3,9",4,"0,7378647874","4,333333333","4,5","0,8164965809","1,666666667","1,5","0,8164965809","3,571428571",3,"0,7867957925",0,0,Y,N,N,N,N,N,N,N,N
FA027,met_26,"5,8",Nominal predicative,Alla prima dello spettacolo le ballerine sono farfalle molto aggraziate.,Nei disegni dei bambini gli animali più colorati sono farfalle multicolore.,"At a show’s premiere, the dancers are very graceful butterflies.",ballerina,farfalla,animale,9,8,7,"3,666666667","3,5","1,211060142","2,166666667",2,"0,4082482905","2,428571429",2,"1,272418021","4,111111111",5,"1,166666667","1,5","1,5","0,5345224838","3,3","3,5","1,766981104",0,0,Y,N,Y,N,N,N,N,N,N
FA028,met_27,"8,2",Nominal predicative,Per le ricerche di letteratura certe biblioteche sono miniere ricche di informazioni.,Nel territorio di montagna le cave abbandonate sono miniere di ferro e magnesio.,"For literary research, certain libraries are mines rich in information.",biblioteca,miniera,cava,10,7,4,4,4,"0,894427191","1,333333333",1,"0,5163977795","3,333333333",3,"1,322875656",3,"3,5","1,264911064","2,5","2,5","1,048808848","3,333333333","3,5","1,632993162",0,0,Y,N,N,N,N,N,N,N,N
FA029,met_28,"7,6",Nominal predicative,Per i faccendieri del tribunale le borse sono macigni traboccanti di documenti.,Le pietre da lavorare sono macigni che ricoprivano il lato della montagna.,"For courthouse fixers, briefcases are boulders overflowing with documents.",borsa,macigno,pietra,5,7,6,"3,333333333","3,5","0,8164965809","1,333333333",1,"0,5163977795",4,4,"0,632455532","4,857142857",5,"0,377964473",1,1,0,"4,5","4,5","0,5477225575",0,0,Y,N,N,N,N,N,Y,N,N
FA030,met_29,"6,8",Nominal predicative,Per gli adolescenti amanti del rock certe canzoni sono droghe ipnotiche.,La polizia spiega che le pasticche colorate sono droghe molto pesanti.,"For teenage rock lovers, certain songs are hypnotic drugs.",canzone,droga,pasticca,7,5,8,"3,166666667",3,"0,7527726527","2,333333333",2,"0,5163977795","1,8",2,"0,632455532",4,"4,5","1,549193338","1,5",1,"0,8366600265",4,4,"0,5773502692",0,0.17,Y,N,N,N,N,N,N,N,N
FA031,met_30,"7,2",Nominal predicative,Per i bambini maltrattati le carezze sono balsami che curano il trauma.,Nella cura dei capelli i detergenti più nuovi sono balsami che non danneggiano il fusto.,"For mistreated children, caresses are balms that heal trauma.",carezza,balsamo,detergente,7,7,10,3,3,"0,894427191","2,166666667",2,"0,4082482905","1,571428571",2,"0,5345224838","3,111111111",3,"0,78173596","2,375",2,"0,7440238091","3,2",3,"1,032795559",0,0,Y,Y,N,N,Y,N,N,N,Y
FA032,met_31,"5,6",Nominal predicative,Nell'ora del rientro dal lavoro le città sono giungle caotiche.,Le foreste dell'America centrale sono giungle selvagge.,"At rush hour, cities are chaotic jungles.",città,giungla,foresta,5,7,7,"3,857142857",4,"0,377964473","2,142857143",2,"1,345185418","4,166666667","4,5","1,169045194","4,333333333",4,"0,5163977795","1,666666667","1,5","0,8164965809","3,333333333",3,"1,58113883",0,0,Y,N,N,N,N,N,Y,N,Y
FA033,met_32,"3,8",Nominal predicative,Nelle poesie dei poeti romantici le fanciulle sono rose delicate.,Nei giardini a primavera i fiori più profumati sono rose e gelsomini.,"In the poems of romantic poets, young women are delicate roses.",fanciulla,rosa,fiore,9,4,5,"3,333333333",4,"1,211060142","2,166666667",2,"1,471960144","1,888888889",2,"0,78173596","4,333333333",5,"1,632993162",1,1,0,"4,833333333",5,"0,4082482905",0,0,Y,Y,N,N,Y,N,N,Y,Y
FA034,met_33,7,Nominal predicative,Quando si suda per la tensione le giacche sono forni di calore.,Nelle cucine americane gli elettrodomestici più richiesti sono forni a micronde.,"When sweating from tension, jackets are ovens of heat.",giacca,forno,elettrodomestico,6,5,16,"2,5",2,"1,378404875","2,166666667","2,5","0,9831920803","2,7",3,"1,059349905","3,666666667",4,"1,366260102","1,5",1,"0,8366600265","3,714285714",4,"1,112697281",0,0,Y,N,N,Y,N,N,N,N,N
FA035,met_34,"6,4",Nominal predicative,Nei bambini appena nati le guance sono pesche liscissime.,Ai mercati generali i frutti profumati sono pesche e albicocche di stagione.,"In newborns, cheeks are incredibly smooth peaches.",guancia,pesca,frutto,7,5,6,"3,222222222",3,"0,8333333333","2,125",2,"1,246423455","2,9",3,"1,663329993","4,833333333",5,"0,4082482905",1,1,0,"4,8",5,"0,4216370214",0,0,Y,N,N,Y,N,N,Y,N,N
FA036,met_35,5,Nominal predicative,Alle sfilate di alta moda le indossatrici sono bambole di incantevole bellezza.,Tra i regali di Natale i pupazzi più richiesti sono bambole parlanti.,"At high-fashion runway shows, models are dolls of enchanting beauty.",indossatrice,bambola,pupazzo,12,7,7,"3,5",4,"1,378404875","1,666666667",1,"1,211060142","3,444444444",3,"1,130388331","3,666666667",4,"1,032795559",2,2,"1,095445115","3,5","3,5","1,048808848",0,0,Y,N,N,N,N,N,N,Y,N
FA037,met_36,"6,4",Nominal predicative,Con certi insegnanti dell'università le lezioni in classe sono sonniferi potentissimi.,Il farmacista spiega che le pillole prescritte sono sonniferi integrati con antidolorifici.,"With certain university professors, classroom lessons are powerful sleeping pills.",lezione,sonnifero,pillola,7,9,7,"4,285714286",4,"0,755928946","1,285714286",1,"0,4879500365","3,333333333","3,5","0,8164965809","4,666666667",5,"0,5163977795","1,5",1,"0,8366600265","4,111111111",5,"1,166666667",0,0,Y,Y,N,N,Y,N,N,N,Y
FA038,met_37,"6,8",Nominal predicative,Specialmente nei paesi del terzo mondo certe malattie sono cecchini senza pietà.,Durante la guerra i militari mandati in avanscoperta erano cecchini di grande precisione.,"Especially in third-world countries, certain diseases are ruthless snipers.",malattia,cecchino,militare,8,8,8,"2,833333333",3,"1,722401424","2,166666667","2,5","0,9831920803","1,428571429",1,"0,7867957925","4,222222222",5,"1,092906421","1,625","1,5","0,7440238091","3,4","3,5","1,577621275",0,0,Y,Y,N,N,Y,N,N,N,Y
FA039,met_38,"8,6",Nominal predicative,Per i distubi del sonno certe melodie sono camomille rilassanti.,Nella bottega dell'erborista le bevande più richieste sono camomille rilassanti.,"For sleep disorders, certain melodies are relaxing chamomiles.",melodia,camomilla,bevanda,7,9,7,"2,666666667",3,"1,366260102","2,166666667",2,"1,471960144","2,666666667",3,"1,118033989","3,5","4,5","1,974841766","1,5","1,5","0,5477225575",4,4,"1,095445115",0,0,Y,Y,N,N,Y,N,N,N,Y
FA040,met_39,"7,2",Nominal predicative,Nelle situazioni di crisi economica certe notizie sono terremoti destabilizzanti.,L'ente nazionale ha informato che le scosse registrate sono terremoti lievissimi.,"In times of economic crisis, certain news stories are destabilizing earthquakes.",notizia,terremoto,scossa,7,9,6,"3,571428571",4,"0,9759000729","1,857142857",1,"1,214985793","2,666666667",2,"1,505545305","4,166666667","4,5","0,9831920803","1,833333333","1,5","0,9831920803","2,777777778",3,"0,6666666667",0,0,Y,Y,N,N,Y,N,N,N,Y
FA041,met_40,"5,8",Nominal predicative,Le tasche delle giacche dei nonni sono banche zeppe di monete.,Nell'elenco delle società quotate gli istituti ai vertici sono banche con capitali stranieri.,The pockets of grandfathers’ jackets are banks full of coins.,tasca,banca,istituto,5,5,8,"2,444444444",2,"1,236033081","2,5",2,"1,069044968","1,1",1,"0,316227766","4,833333333",5,"0,4082482905","1,333333333",1,"0,5163977795","3,8","3,5","1,135292424",0,0,Y,N,N,N,N,N,N,N,N
FA042,met_41,7,Nominal predicative,Ai matrimoni tradizionali le torte sono montagne di panna e praline.,Nelle cartine geografiche rilievi indicati con colori scuri sono montagne di altezza superiore a 2000 metri.,"At traditional weddings, cakes are mountains of cream and pralines.",torta,montagna,rilievo,5,8,7,3,"2,5","1,264911064","2,666666667",3,"0,5163977795",2,2,"0,894427191",4,4,1,"1,142857143",1,"0,377964473","4,166666667","4,5","1,169045194",0,0,Y,N,N,Y,N,N,N,N,N
FA043,met_42,"6,2",Nominal predicative,Specialmente nel genere femminile certe voci sono trombe squillanti e fastidiose.,Nella nuova orchestra gli strumenti più bizzarri sono trombe bitonali dal suono molto acuto.,"Especially among women, certain voices are blaring and annoying trumpets.",voce,tromba,strumento,4,6,9,"2,666666667",2,"1,505545305",2,2,"0,894427191","3,7",3,"0,9486832981",4,"4,5","1,549193338","1,166666667",1,"0,4082482905","3,714285714",3,"1,253566341",0,0,Y,N,N,Y,N,N,N,N,N
FA044,met_56,"7,4",Nominal predicative,Soprattutto nelle culture tradizionali i matrimoni sono querce dalle radici solide.,Gli alberi più antichi del parco sono querce millenarie.,"Especially in traditional cultures, marriages are oaks with deep roots.",matrimonio,quercia,albero,10,20,6,"3,677834219",4,"1,11304816","1,661576262",1,"0,8233586589","2,16",2,"1,02794293","4,72",5,"0,5416025603","1,28",1,"0,5416025603","4,375",5,"0,969648076",NA,NA,N,Y,N,N,Y,N,N,N,Y
FA161,met_71,"5,6",Nominal predicative,Per molti anziani i figli sono stampelle che sostengono nella vecchiaia.,Quelle assi in legno sono stampelle rudimentali piuttosto scomode.,"For many elderly people, children are crutches that support them in old age.",figlio,stampella,asse,6,35,4,"4,4",5,"0,7071067812","1,44",1,"0,5830951895","4,214668246",5,"1,075913857","4,206176626",5,"1,099898295","1,550698123",1,"0,8773152112","3,08",3,"1,25565388",NA,NA,N,N,Y,N,N,N,N,N,Y
FA339,met_59,"7,8",Nominal predicative,Dopo un temporale le nuvole sono perle di infiniti riflessi.,Le gemme delle collane reali sono perle provenienti dalle Indie.,"After a storm, clouds are pearls of infinite reflections.",nuvola,perla,gemma,6,23,5,"3,046436923",3,"1,160608573","2,601760771",2,"1,320684774","1,92",2,"1,077032961",4,5,"1,322875656","1,72",1,"1,137248141","3,125","3,5","1,392916864",NA,NA,N,N,N,N,N,N,Y,N,N
FA348,met_62,"7,4",Nominal predicative,Nelle scelte di vita i dubbi sono ombre che offuscano la via.,Le forme sulle pareti delle grotte sono ombre generate dagli scogli al tramonto.,"In life choices, doubts are shadows that cloud the path.",dubbio,ombra,forma,6,26,5,"3,52",4,"1,122497216","2,04",2,"0,7348469228","3,008880807",3,"1,063783352","3,079463063",3,"1,382871626","2,546025628",2,"1,143225897","2,16",2,"1,143095213",NA,NA,N,N,N,Y,N,N,N,N,Y
FA349,met_64,"7,2",Nominal predicative,Nei momenti di sconforto i sogni sono ali per viaggiare lontano.,Negli uccelli primitivi le cartilagini esterne erano ali finalizzate al trasporto.,"In moments of discouragement, dreams are wings to travel far.",sogno,ala,cartilagine,5,28,11,"4,24",5,"1,051982256","1,52",1,"0,6531972647","3,392239122",4,"1,098624976","3,452791541",3,"1,4244532","2,251318664",2,"1,116824182","2,72",3,"1,137248141",NA,NA,N,N,N,Y,N,N,N,N,N
FA379,met_66,8,Nominal predicative,Negli indecisi le opinioni sono pendoli che vanno di qua e di là.,Tra i pezzi di artigianato in legno gli orologi sono pendoli a ricarica manuale.,"In the undecided, opinions are pendulums swinging back and forth.",opinione,pendolo,orologio,8,30,8,"3,92",4,"1,15181017","1,72",2,"0,7916228058","3,050716682",3,"1,15354177","2,123813685",2,"1,126113526","2,956643281",3,"1,373798247","2,08",2,"1,15181017",NA,NA,N,N,N,Y,N,N,N,N,N
FA402,met_57,"7,4",Nominal predicative,Quando si toccano argomenti delicati le parole sono pietre che pesano sull'animo.,I detriti lasciati dal fiume sono pietre e ghiaia di piccole dimensioni.,"When discussing sensitive topics, words are stones that weigh on the soul.",parola,pietra,detrito,6,21,7,"4,004521926",4,"1,105553778","1,832934346",2,"0,9056929099","2,76",2,"1,234233905","4,6",5,"0,9128709292","1,48",1,"0,822597512","4,166666667",4,"0,8681147323",NA,NA,N,N,N,Y,N,N,N,N,Y
FA434,met_43,"8,8",Nominal predicative,Nelle persone creative le menti sono vulcani di idee e progetti.,Negli atolli tropicali i crateri maggiori sono vulcani ancora attivi.,"In creative people, minds are volcanoes of ideas and projects.",mente,vulcano,cratere,6,7,7,"4,708333333",5,"0,4643056215","1,166666667",1,"0,4815434123","4,16",4,"0,898146239","4,36",5,"0,9521904571","1,8",2,"0,8164965809","3,5",4,"1,251086484",NA,NA,N,N,N,N,N,N,N,N,N
FA435,met_44,"8,6",Nominal predicative,Al giorno d'oggi i passatempi sono oasi dal lavoro e dalla frenesia del quotidiano.,Durante il safari la guida spiega che le radure in lontananza sono oasi per i nomadi.,"Nowadays, pastimes are oases from work and daily frenzy.",passatempo,oasi,radura,10,8,6,"4,018572225",4,"1,233094203","1,779261736",2,"1,022406799","3,12",3,"1,235583533","4,2",5,"1,190238071","1,64",1,"0,8103497187",3,3,"1,414213562",NA,NA,N,N,N,N,N,N,N,N,N
FA436,met_45,"8,2",Nominal predicative,Specialmente nella adolescenza le passioni sono venti passeggeri e instabili.,Le brezze che increspano il mare sono venti provenienti da oriente.,"Especially in adolescence, passions are fleeting and unstable winds.",passione,vento,brezza,8,9,6,"4,249323768",5,"1,022694748","1,520896272","1,022406799","0,5851345611","3,08",3,"0,8621678104","4,36",5,"0,8103497187","1,6",1,"0,8660254038","3,375",3,"1,279011167",NA,NA,N,N,N,N,N,N,N,N,Y
FA437,met_46,8,Nominal predicative,In un percorso di miglioramento spirituale le virtù sono muscoli da potenziare.,Nel corpo umano le fibre più lunghe sono muscoli striati.,"On a path of spiritual growth, virtues are muscles to strengthen.",virtù,muscolo,fibra,5,10,5,"3,80090779",4,"1,038295957","1,823405382",2,"0,8221466499","2,44",2,"1,193035345","4,28",5,"1,061445555","1,76",2,"0,9255628918","3,166666667",3,"1,00722031",NA,NA,N,N,N,N,N,N,N,N,N
FA438,met_47,7,Nominal predicative,Anche dopo molti anni i rimproveri dei genitori sono tatuaggi nella memoria.,Nelle culture aborigene i segni sulla pelle sono tatuaggi di iniziazione.,"Even after many years, parents’ scoldings are tattoos in memory.",rimprovero,tatuaggio,segno,10,11,5,"4,161531838",5,"1,209672433","1,512885866",1,"0,720397287","2,16",2,"1,067707825","4,44",5,"1,044030651","1,4",1,"0,7071067812","3,833333333",4,"1,090140265",NA,NA,N,N,N,N,N,N,N,N,N
FA439,met_48,"8,6",Nominal predicative,Per gli animi sensibili le poesie sono sorrisi per il cuore.,Le espressioni più belle sono sorrisi e sguardi sinceri.,"For sensitive souls, poems are smiles for the heart.",poesia,sorriso,espressione,6,12,11,"3,608386897",4,"1,17174918","1,788815891",2,"0,9247165086","2,6",3,"1,08012345","4,24",5,"0,9255628918","1,36",1,"0,6377042157","3,833333333",4,"1,239448218",NA,NA,N,N,N,N,N,N,N,N,Y
FA440,met_49,"8,8",Nominal predicative,I malati di artrosi dicono che le fitte sono coltelli nella carne.,Gli arnesi con manico in legno sono coltelli per conciatori.,Arthritis sufferers say that sharp pains are knives in the flesh.,fitta,coltello,arnese,5,13,6,"4,486869967",5,"0,8914628329","1,75698866",2,"0,782087799","2,4",2,"1,040833","2,96",3,"1,398809017","2,32",2,"1,215181742","1,625",1,"1,013495887",NA,NA,N,N,N,N,N,N,N,N,N
FA441,met_50,"8,4",Nominal predicative,Specialmente in filosofia certe teorie sono palazzi dalle fragili fondamenta.,Nei cantieri di periferia le nuove costruzioni sono palazzi popolari.,"Especially in philosophy, certain theories are buildings with fragile foundations.",teoria,palazzo,costruzione,6,14,11,"4,155658513",5,"1,19123997","1,471283512",1,"0,6612734561","3,28",3,"1,208304597","4,28",4,"0,7916228058","1,68",1,"0,8524474568","4,083333333",4,"0,9743076323",NA,NA,N,N,N,N,N,N,N,N,N
FA442,met_51,"7,6",Nominal predicative,Specialmente in America certe università sono portaerei che trasportano talenti.,Dicono che le imbarcazioni avvistate al largo sono portaerei americane.,"Especially in America, certain universities are aircraft carriers transporting talent.",università,portaerei,imbarcazione,10,15,12,"3,247649599",3,"1,035582661","2,106450938",2,"0,8038680889","1,44",1,"0,7681145748","4,72",5,"0,6782329983","1,32",1,"0,5567764363","3,375",3,"1,345281609",NA,NA,N,N,N,N,N,N,N,N,N
FA443,met_52,"8,2",Nominal predicative,Tutti sanno che le amicizie sono alberi che crescono con il tempo.,I semi piantati nel giardino sono alberi da frutto e arbusti vari.,Everyone knows that friendships are trees that grow over time.,amicizia,albero,seme,8,16,4,"4,401423306",5,"0,9521741215","1,232154724",1,"0,4421101076","3,24",3,"1,090871211","3,16",3,"1,312757911","1,76",2,"0,7234178138","2,833333333",2,"1,493949148",NA,NA,N,N,N,N,N,N,N,N,Y
FA444,met_53,"8,8",Nominal predicative,Se non curati con farmaci specifici certi malditesta sono trapani continui.,Quegli attrezzi in disuso sono trapani che funzionano a batteria.,"If not treated with specific medications, certain headaches are relentless drills.",malditesta,trapano,attrezzo,10,17,8,"4,118086965",4,"1,019408107","1,297684404",1,"0,5807983377","3,16",3,"1,067707825","4,56",5,"0,8205689083","1,32",1,"0,6904105059","2,375",2,"1,013495887",NA,NA,N,N,N,N,N,N,N,N,Y
FA445,met_54,"7,8",Nominal predicative,Nei paesi in via di sviluppo le economie sono bombe ad orologeria.,Nell'attentato alla metropolitana gli esplosivi erano bombe ad orologeria.,"In developing countries, economies are ticking time bombs.",economia,bomba ad orologeria,attentato,8,18,9,"3,720776324",4,"1,098005417","2,303231934",2,"1,131286016","2,48",2,"1,084742673","4,4",5,"1,08012345","1,44",1,"0,7681145748","3,75",4,"1,113162358",NA,NA,N,N,N,N,N,N,N,N,Y
FA446,met_55,"7,8",Nominal predicative,Nella memoria dei popoli le stragi sono cicatrici indelebili.,I segni coperti dal trucco sono cicatrici dovute alle operazioni.,"In the memory of peoples, massacres are indelible scars.",strage,cicatrice,segno,6,19,5,"4,563920217",5,"0,9458554833","1,285251441",1,"0,5394065569","3,92",4,"1,15181017","3,96",5,"1,306394529","2,08",2,"1,115048579","2,958333333",3,"1,267629306",NA,NA,N,N,N,N,N,N,N,N,Y
FA447,met_58,"8,4",Nominal predicative,In certi momenti gli occhi sono oceani di profondità infinita.,In geologia le croste più profonde sono oceani di pietre laviche.,"At certain moments, eyes are oceans of infinite depth.",occhio,oceano,crosta,6,22,6,"3,964222151",4,"1,16092308","1,796227716",2,"1,044019265","3,32",4,"1,144552314","3,16",3,"1,434108318","2,2",2,"0,7637626158","2,458333333","2,5","1,284664283",NA,NA,N,N,N,N,N,N,N,N,Y
FA448,met_60,"6,6",Nominal predicative,Se negative certe amicizie sono virus che infettano il carattere dei giovani.,I parassiti delle piante da frutto sono virus molto pericolosi per tutte le coltivazioni.,"If negative, certain friendships are viruses that infect young people's character.",amicizia,virus,parassita,8,24,9,"4,206424343",5,"1,020556802","1,452827391",1,"0,6447390484","2,4",3,"0,9574271078","3,2",3,"1,443375673","2,04",2,"0,9345230513","2,833333333",3,"1,434563005",NA,NA,N,N,N,N,N,N,N,N,N
FA449,met_61,"8,2",Nominal predicative,Nelle patologie psichiatriche le ossessioni sono gabbie che imprigionano.,I contenitori per rettili sono gabbie metalliche molto resistenti.,"In psychiatric disorders, obsessions are cages that imprison.",ossessione,gabbia,contenitore,10,25,11,"4,200822272",4,"0,954568885","1,825789562",2,"0,7658872939","2,92",3,"1,222020185","4,16",5,"0,9865765725","1,44",1,"0,6506407099","2,833333333",3,"1,340560125",NA,NA,N,N,N,N,N,N,N,N,N
FA450,met_63,"8,4",Nominal predicative,Per alcune persone certi profumi sono chiavi per la porta della memoria.,Nella vecchia ferramenta gli arnesi nascosti sono chiavi da scasso.,"For some people, certain scents are keys to the door of memory.",profumo,chiave,arnese,7,27,6,"4,28",4,"0,8426149773","2,08",2,"0,8621678104","2,362551334",2,"0,8059780514","3,335314865",3,"1,319788536","2,805729036",3,"1,282966612","1,96",2,"0,8888194417",NA,NA,N,N,N,N,N,N,N,N,N
FA451,met_65,8,Nominal predicative,Spesso nella vita le delusioni sono zavorre molto pesanti.,Nelle barche tradizionali i sacchi di sabbia sono zavorre per l'ancoraggio.,"Often in life, disappointments are very heavy burdens.",delusione,zavorra,sacco,9,29,5,"4,16",4,"0,898146239","1,32",1,"0,5567764363","2,963944999",3,"1,267917057","4,336978128",5,"1,095342124","1,484672967",1,"0,9160820278","3,2",3,"1,224744871",NA,NA,N,N,N,N,N,N,N,N,Y
FA452,met_67,"8,6",Nominal predicative,Nel mondo dello spettacolo certe conoscenze sono ascensori per il successo.,Il capocantiere spiega che i montacarichi sono ascensori per i piani alti.,"In the entertainment world, certain connections are elevators to success.",conoscenza,ascensore,montacarico,10,31,11,"4,48",5,"0,6531972647","1,36",1,"0,5686240703","3,766141671",4,"1,149910893","3,765044541",4,"1,289042309","1,85495193",2,"0,9324286181","2,84",3,"1,34412301",NA,NA,N,N,N,N,N,N,N,N,N
FA453,met_68,"8,2",Nominal predicative,Per i soggetti depressi le crisi sono tunnel senza fine.,Le voragini nella montagna sono tunnel scavati dai soldati della Grande Guerra.,"For depressed individuals, crises are tunnels with no end.",crisi,tunnel,voragine,5,32,8,"4,08",4,"0,9539392014","1,84",2,"0,9433981132","4,005996436",4,"1,138751308","4,291561692",5,"1,02518466","1,557297145",1,"0,8717812991","3,64",4,"1,350308607",NA,NA,N,N,N,N,N,N,N,N,N
FA454,met_69,"8,2",Nominal predicative,Nella vita le paure sono nodi che impediscono di andare avanti.,Nelle barche certi lacci sono nodi per bloccare le vele.,"In life, fears are knots that prevent progress.",paura,nodo,laccio,5,33,6,"3,56",4,"1,044030651","1,76",2,"0,7234178138","2,565550052",2,"1,150101042","2,881007386",2,"1,331445245","2,154871252",2,"1,111928689",3,3,"1,224744871",NA,NA,N,N,N,N,N,N,N,N,N
FA455,met_70,"8,4",Nominal predicative,Nei momenti difficili le speranze sono stelle che illuminano l'anima.,Quelle luci nel cielo notturno sono stelle di galassie lontane.,"In difficult moments, hopes are stars that light up the soul.",speranza,stella,luce,8,34,4,"3,56",4,"1,15758369","2,12",2,"1,01324561","2,846004042",3,"1,366706157","4,21325781",5,"1,154415656","1,524477148",1,"0,7674530679","4,16",5,"1,21380943",NA,NA,N,N,N,N,N,N,N,N,N
FA456,met_72,"8,8",Nominal predicative,Nelle società multietniche le lingue sono ponti tra le persone.,Le costruzioni in mattoni sono ponti di collegamento tra le sponde.,"In multi-ethnic societies, languages are bridges between people.",lingua,ponte,costruzione,6,36,11,"3,64",4,"1,150362262","1,92",2,"1,037625494","3,483036554",4,"1,22251448","2,843995932",3,"1,2416715","2,515092608",2,"1,092157865","2,2",2,"1,224744871",NA,NA,N,N,N,N,N,N,N,N,N
FA457,met_73,"8,8",Nominal predicative,Nel caso di alcuni autori certi romanzi sono mappe che aiutano ad orientarsi nella vita.,Nel museo i documenti più preziosi sono mappe in pergamena.,"For certain authors, some novels are maps that help navigate life.",romanzo,mappa,documento,7,37,9,"3,4",4,"1,224744871","2,24",2,"1,051982256","2,688900579",2,"1,395526835","4,68966686",5,"0,8092529134","1,163686315",1,"0,4716399948","3,72",4,"1,1",NA,NA,N,N,N,N,N,N,N,N,N
FA458,met_74,"8,6",Nominal predicative,Specialmente nelle relazioni sentimentali i torti sono crepe nell'anima.,Quei segni sul muro sono crepe formatesi alcuni anni fa.,"Especially in romantic relationships, wrongdoings are cracks in the soul.",torto,crepa,segno,5,38,5,"3,12",3,"1,30128142","2,32",2,"1,029563014","2,415821073",2,"0,9363650615","4,472370117",5,"0,9916847785","1,3788656",1,"0,8339335937","4,32",5,"1,069267662",NA,NA,N,N,N,N,N,N,N,N,N
FA459,met_75,"8,4",Nominal predicative,Nel corso della vita le emozioni sono fulmini che sconvolgono la routine.,Quei bagliori in lontananza sono fulmini che preannunciano tuoni e tempesta.,"Over the course of life, emotions are lightning bolts that disrupt routine.",emozione,fulmine,bagliore,8,39,8,"3,48",4,"1,194431524","1,72",2,"0,6782329983","2,957454602",3,"1,402577039","4,519667391",5,"0,9639027773","1,393357344",1,"0,650619194","4,2",5,"1,08012345",NA,NA,N,N,N,N,N,N,N,N,N
FA460,met_76,"8,6",Nominal predicative,Quando c'è diffidenza i segreti sono muri tra le persone.,Negli alberghi di bassa categoria i divisori tra camere sono muri in calcestruzzo.,"When there is distrust, secrets are walls between people.",segreto,muro,albergo,7,40,7,"3,68",4,"1,029563014","2,12",2,"0,9273618495","3,096103082",3,"1,230190789","3,758556111",4,"1,48268489","1,586024768",1,"0,9250324597","3,12",4,"1,332916602",NA,NA,N,N,N,N,N,N,N,N,Y
FA461,met_77,"8,2",Nominal predicative,In politica e nel commercio certi discorsi sono fiumi che travolgono.,In America del Sud molti canali sono fiumi navigabili.,"In politics and commerce, certain speeches are rivers that overwhelm.",discorso,fiume,canale,8,41,6,"2,96",3,"1,019803903","2,28",2,"0,9797958971","2,689207632",2,"1,395191553","2,939307396",3,"1,228314484","2,237001298",2,"0,9736382548","3,32",3,"1,31402689",NA,NA,N,N,N,N,N,N,N,N,N
FA462,met_78,"7,8",Nominal predicative,Nella società umana i rapporti sono corde che ci legano agli altri.,In magazzino le trecce in canapa sono corde che servono per legare i sacchi.,"In human society, relationships are ropes that bind us to others.",rapporto,corda,treccia,8,42,7,"3,92",4,"0,9539392014","1,8",2,"1,040833","3,375807662",4,"1,291714384","3,529132579",4,"1,063393495","1,99894553",2,"0,9585881683","2,6",3,"1,224744871",NA,NA,N,N,N,N,N,N,N,N,N
FA463,met_79,"8,8",Nominal predicative,Senza il perdono i rancori sono tarli che divorano l'anima.,Quegli insetti nell'angolo del muro sono tarli che aggrediscono legno.,"Without forgiveness, grudges are worms that devour the soul.",rancore,tarlo,insetto,7,43,7,"3,92",4,"1,077032961","1,8",2,"0,8164965809","3,291668575",3,"1,254848527","3,96253574",4,"1,091416673","1,758343527",1,"1,235323715","3,6",4,"1,190238071",NA,NA,N,N,N,N,N,N,N,N,N
FA464,met_80,8,Nominal predicative,Negli animi fragili le tentazioni sono reti molto pericolose.,Quei fili sottili sono reti per catturare pesci piccoli.,"In fragile souls, temptations are very dangerous nets.",tentazione,rete,filo,10,44,4,"3,4",3,"1,258305739","2,68",2,"0,9451631253","2,930193941",3,"1,097795737","3,603656667",4,"1,28343056","2,129412949",2,"1,083321225","3,16",3,"1,434108318",NA,NA,N,N,N,N,N,N,N,N,N